TARIFARIO FOTON 2025                                                                 RODANDO,,,,,,,,,
,,,,,,,,,
,,,,,,,,,
,,,,,,,,,
ORIGEN: LAGOS DE MORENO,,,,,,,,,
,,,,,,,,,
DESTINO,KILOMETROS,"LIGEROS $18 (MILLER, S3, S5, S6)","MEDIANO $20 (S8, S12, S20)","PESADO $25 (EST-A, GALAXY, EST-S35, S35, S38, ISG, X13)",Columna3,KILOMETROS2,DESTINO2,"BUSES $28 (AUV, ARAÑAS O BUSES CARROZADOS)",LOWBOY $80
AGUASCALIENTES,89," $1,602.00 "," $1,780.00 "," $2,225.00 ",, $86.00 , AGUASCALIENTES ," $2,492.00 "," $7,120.00 "
BAJA CALIFORNIA (MEXICALI),2231," $40,158.00 "," $44,620.00 "," $55,775.00 ",," $2,239.00 ", BAJA CALIFORNIA  ," $62,468.00 "," $178,480.00 "
BAJA CALIFORNIA SUR (LA PAZ) + COSTO DE FERRI,1095," $19,710.00 "," $21,900.00 "," $27,375.00 ",," $1,305.00 ", BAJA CALIFORNIA SUR ," $30,660.00 "," $87,600.00 "
CHIAPAS (TUXTLA),1253," $22,554.00 "," $25,060.00 "," $31,325.00 ",," $1,554.00 ", CAMPECHE  ," $35,084.00 "," $100,240.00 "
CHIAPAS (TAPACHULA),1565," $28,170.00 "," $31,300.00 "," $39,125.00 ",," $1,310.00 ", CHIAPAS ," $43,820.00 "," $125,200.00 "
COAHUILA (TORREON),620," $11,160.00 "," $12,400.00 "," $15,500.00 ",," $1,311.00 ", CHIAPAS ," $17,360.00 "," $49,600.00 "
"CIUDAD DE MEXICO, TLAPAN",445," $8,010.00 "," $8,900.00 "," $11,125.00 ",, $598.00 , COAHUILA ," $12,460.00 "," $35,600.00 "
COLIMA,468," $8,424.00 "," $9,360.00 "," $11,700.00 ",, $430.00 , CIUDAD DE MEXICO ," $13,104.00 "," $37,440.00 "
 DURANGO ,502," $9,036.00 "," $10,040.00 "," $12,550.00 ",, $374.00 , COLIMA ," $14,056.00 "," $40,160.00 "
GUANAJUATO (LEON),85," $1,530.00 "," $1,700.00 "," $2,125.00 ",, $513.00 , DURANGO ," $2,380.00 "," $6,800.00 "
GUERRERO (CHILPANCINGO),700," $12,600.00 "," $14,000.00 "," $17,500.00 ",, $111.00 , GUANAJUATO  ," $19,600.00 "," $56,000.00 "
HIDALGO (TULA),439," $7,902.00 "," $8,780.00 "," $10,975.00 ",, $775.00 , GUERRERO ," $12,292.00 "," $35,120.00 "
PLANTA 3 TLAJOMULCO,228," $4,104.00 "," $4,560.00 "," $5,700.00 ",, $435.00 , HIDALGO ," $6,384.00 "," $18,240.00 "
 PLANTA 2 JALISCO ,19, $342.00 , $380.00 , $475.00 ,,,, $532.00 ," $1,520.00 "
 JALISCO (XIAN MOTORS) ,200," $3,600.00 "," $4,000.00 "," $5,000.00 ",, $183.00 , JALISCO ," $5,600.00 "," $16,000.00 "
ALMACEN MONTENEGRO,400," $7,200.00 "," $8,000.00 "," $10,000.00 ",, $184.00 , JALISCO ," $11,200.00 "," $32,000.00 "
 CUERNAVACA ,509," $9,162.00 "," $10,180.00 "," $12,725.00 ",,,," $14,252.00 "," $40,720.00 "
ECATEPEC,416," $7,488.00 "," $8,320.00 "," $10,400.00 ",, $408.00 ," ESTADO DE MEXICO (ECATEPEC,TLANEPANTA, CUATITLAN) "," $11,648.00 "," $33,280.00 "
CMV TLANEPANTA,407," $7,326.00 "," $8,140.00 "," $10,175.00 ",, $409.00 ," ESTADO DE MEXICO (ECATEPEC,TLANEPANTA, CUATITLAN) "," $11,396.00 "," $32,560.00 "
MICHOACAN URUAPAN,350," $6,300.00 "," $7,000.00 "," $8,750.00 ",, $312.00 , MICHOACAN ," $9,800.00 "," $28,000.00 "
NAYARIT (TEPIC),375," $6,750.00 "," $7,500.00 "," $9,375.00 ",, $417.00 , NAYARIT ," $10,500.00 "," $30,000.00 "
MONTERREY,683," $12,294.00 "," $13,660.00 "," $17,075.00 ",, $700.00 , NUEVO LEON ," $19,124.00 "," $54,640.00 "
ESCOBEDO,681," $12,258.00 "," $13,620.00 "," $17,025.00 ",, $875.00 , OAXACA ," $19,068.00 "," $54,480.00 "
CMV INSURGENTES,446," $8,028.00 "," $8,920.00 "," $11,150.00 ",, $543.00 , PUEBLA ," $12,488.00 "," $35,680.00 "
OAXACA,880," $15,840.00 "," $17,600.00 "," $22,000.00 ",, $544.00 , PUEBLA ," $24,640.00 "," $70,400.00 "
PUEBLA (ECO TRUKS),545," $9,810.00 "," $10,900.00 "," $13,625.00 ",, $220.00 , QUERETARO ," $15,260.00 "," $43,600.00 "
PUEBLA (ASTURCAR),544," $9,792.00 "," $10,880.00 "," $13,600.00 ",," $1,838.00 ", QUINTANA ROO ," $15,232.00 "," $43,520.00 "
QUERETARO,249," $4,482.00 "," $4,980.00 "," $6,225.00 ",, $157.00 , SAN LUIS POTOSI ," $6,972.00 "," $19,920.00 "
QUINTANA ROO (CANCUN),2017," $36,306.00 "," $40,340.00 "," $50,425.00 ",," $1,053.00 ", SINALOA ," $56,476.00 "," $161,360.00 "
SAN LUIS POTOSI,160," $2,880.00 "," $3,200.00 "," $4,000.00 ",," $1,054.00 ", SINALOA ," $4,480.00 "," $12,800.00 "
LOS MOCHIS,1054," $18,972.00 "," $21,080.00 "," $26,350.00 ",," $1,729.00 ", SONORA ," $29,512.00 "," $84,320.00 "
SINALOA (CD OBREGON),1275," $22,950.00 "," $25,500.00 "," $31,875.00 ",," $1,216.00 ", TABASCO ," $35,700.00 "," $102,000.00 "
 SINALOA (CULIACAN) ,852," $15,336.00 "," $17,040.00 "," $21,300.00 ",, $407.00 , TOLUCA ," $23,856.00 "," $68,160.00 "
SONORA (HERMOSILLO),1540," $27,720.00 "," $30,800.00 "," $38,500.00 ",, $752.00 , TAMAULIPAS ," $43,120.00 "," $123,200.00 "
TABASCO (VILLAHERMOSA),1170," $21,060.00 "," $23,400.00 "," $29,250.00 ",, $522.00 , TLAXCALA ," $32,760.00 "," $93,600.00 "
 TOLUCA ,450," $8,100.00 "," $9,000.00 "," $11,250.00 ",,,," $12,600.00 "," $36,000.00 "
TAMAULIPAS (ALTAMIRA),610," $10,980.00 "," $12,200.00 "," $15,250.00 ",, $782.00 , VERACRUZ ," $17,080.00 "," $48,800.00 "
 TLAXCALA ,520," $9,360.00 "," $10,400.00 "," $13,000.00 ",,,," $14,560.00 "," $41,600.00 "
CORPORATIVO FOTON CDMX,432," $7,776.00 "," $8,640.00 "," $10,800.00 ",," $1,798.00 ", YUCATAN ," $12,096.00 "," $34,560.00 "
 YUCATAN (MERIDA) ,1730," $31,140.00 "," $34,600.00 "," $43,250.00 ",,,," $48,440.00 "," $138,400.00 "
ZACATECAS,220," $3,960.00 "," $4,400.00 "," $5,500.00 ",, $213.00 , ZACATECAS ," $6,160.00 "," $17,600.00 "
