ESTATUS,DISTRIBUIDOR,VIN,MODELO,ORIGEN,DESTINO,TIPO DE SERVICIO,TRANSPORTISTA,Km2,COSTO X KM,COSTO TOTAL,FECHA PROGRAMADA DE SALIDA
Entregado,AUTOS Y CAMIONES ASIA CENTRAL,3LD42A1M5VA000164,TM3 1.6L,PLANTA 3 TLAJOMULCO,FOTON SAN LUIS,MADRINA,TEROMO,397,"$ 28,00","$ 11.116,00",10/6/2026
Entregado,ARG BROKER,3LDC1A2F9TA000535,Tunland G7 MT Gasolina,ALMACEN GDL,FOTON ALTAMIRA,MADRINA,TEROMO,800,"$ 28,00","$ 22.400,00",10/6/2026
Entregado,ARG BROKER,3LDC1A2F1TA000593,Tunland G7 MT Gasolina,PLANTA,FOTON ALTAMIRA,MADRINA,TEROMO,610,"$ 28,00","$ 17.080,00",10/6/2026
Entregado,XIAN MOTORS,LVAV2MAB2SU306224,Tunland V7 (MHEV),ALMACEN GDL,FOTON ALTAMIRA,MADRINA,TEROMO,800,"$ 28,00","$ 22.400,00",10/6/2026
Transito,GAD VEHICULOS COMERCIALES,3LDC2A2F7TA001826,Tunland V7 gasolina 4X2,PLANTA 3 TLAJOMULCO,FOTON ZACATECAS,MADRINA,TEROMO,403,"$ 25,00","$ 10.075,00",10/6/2026
Entregado,VELCEN MOTORS,LVAV2MVB2SU313443,Tunland G7 MT Gasolina,ALMACEN GDL,FOTON APODACA,MADRINA,TEROMO,832,"$ 25,00","$ 20.800,00",10/6/2026
Entregado,VELCEN MOTORS,LVAV2MVB7SU313471,Tunland G7 MT Gasolina,ALMACEN GDL,FOTON APODACA,MADRINA,TEROMO,832,"$ 25,00","$ 20.800,00",10/6/2026
Entregado,VELCEN MOTORS,LVAV2MVB3SU313449,Tunland G7 MT Gasolina,ALMACEN GDL,FOTON APODACA,MADRINA,TEROMO,832,"$ 25,00","$ 20.800,00",10/6/2026
Entregado,VELCEN MOTORS,LVAV2MVB9SU313469,Tunland G7 MT Gasolina,ALMACEN GDL,FOTON APODACA,MADRINA,TEROMO,832,"$ 25,00","$ 20.800,00",10/6/2026
Programado,CAMIONES PREMIUM DEL CENTRO,3LDA2A2F6TA002571,VIEW CS2 Pasajeros,PLANTA,FOTON QUERETARO,PLATAFORMA,DIFFUR,249,"$ 26,66","$ 6.638,34",10/9/2026
Programado,CAMIONES PREMIUM DEL CENTRO,3LDA2A2F7TA002577,VIEW CS2 Pasajeros,PLANTA,FOTON QUERETARO,PLATAFORMA,DIFFUR,249,"$ 26,66","$ 6.638,34",10/9/2026
Programado,CAMIONES PREMIUM DEL CENTRO,3LDA2A2F3TA002608,VIEW CS2 Pasajeros,PLANTA,FOTON QUERETARO,PLATAFORMA,DIFFUR,249,"$ 26,66","$ 6.638,34",10/9/2026
Entregado,VEHICULOS COMERCIALES PENINSULA,3LD34B4JXTA000333,EST-A 6X4 X13-E6,PLANTA,GALLEGO PLANTA TRAILERS MANILA,RODANDO,LIVETRANSFER,602,"$ 25,00","$ 15.050,00",10/5/2026
Entregado,AUTOS Y CAMIONES ASIA CENTRAL,3LDA2B2FXVA000024,HiVan Pasajeros,PLANTA,FOTON SLP,PLATAFORMA,AUTOMOTIVE,160,"$ 40,00","$ 6.400,00",10/6/2026
Entregado,AUTOS Y CAMIONES ASIA CENTRAL,3LDA2B2F1VA000025,HiVan Pasajeros,PLANTA,FOTON SLP,PLATAFORMA,AUTOMOTIVE,160,"$ 40,00","$ 6.400,00",10/6/2026
Programado,AUTOS Y CAMIONES ASIA CENTRAL,3LDA2B2F7VA000028,HiVan Pasajeros,PLANTA,FOTON SLP,PLATAFORMA,CLINICAR,160,"$ 45,00","$ 7.200,00",10/8/2026
Entregado,AUTOS Y CAMIONES ASIA CENTRAL,3LDA2B2F9VA000029,HiVan Pasajeros,PLANTA,FOTON SLP,PLATAFORMA,AUTOMOTIVE,160,"$ 40,00","$ 6.400,00",10/6/2026
Entregado,AUTOS Y CAMIONES ASIA CENTRAL,3LDA2B2F5VA000030,HiVan Pasajeros,PLANTA,FOTON SLP,PLATAFORMA,AUTOMOTIVE,160,"$ 40,00","$ 6.400,00",10/6/2026
Entregado,AUTOS Y CAMIONES ASIA CENTRAL,3LDA2B2F0VA000033,HiVan Pasajeros,PLANTA,FOTON SLP,PLATAFORMA,AUTOMOTIVE,160,"$ 40,00","$ 6.400,00",10/6/2026
Entregado,AUTOS Y CAMIONES ASIA CENTRAL,3LDA2B2F4VA000035,HiVan Pasajeros,PLANTA,FOTON SLP,PLATAFORMA,AUTOMOTIVE,160,"$ 40,00","$ 6.400,00",10/6/2026
Entregado,AUTOS Y CAMIONES ASIA CENTRAL,3LDA2B2F8VA000037,HiVan Pasajeros,PLANTA,FOTON SLP,PLATAFORMA,AUTOMOTIVE,160,"$ 40,00","$ 6.400,00",10/7/2026
Entregado,AUTOS Y CAMIONES ASIA CENTRAL,3LDA2B2F3VA000043,HiVan Pasajeros,PLANTA,FOTON SLP,PLATAFORMA,AUTOMOTIVE,160,"$ 40,00","$ 6.400,00",10/7/2026
Programado,AUTOS Y CAMIONES ASIA CENTRAL,3LDA2B2F5VA000044,HiVan Pasajeros,PLANTA,FOTON SLP,PLATAFORMA,AUTOMOTIVE,160,"$ 40,00","$ 6.400,00",10/7/2026
Programado,AUTOS Y CAMIONES ASIA CENTRAL,3LDA2B2F4VA000049,HiVan Pasajeros,PLANTA,FOTON SLP,PLATAFORMA,AUTOMOTIVE,160,"$ 40,00","$ 6.400,00",10/7/2026
Entregado,VEHICULOS COMERCIALES PENINSULA,3LD42A1M4VA000141,TM3 1.6L,PLANTA 3 TLAJOMULCO,FOTON MERIDA,MADRINA,TEROMO,1891,"$ 20,00","$ 37.820,00",10/5/2026
Entregado,VEHICULOS COMERCIALES PENINSULA,3LD42A1M6VA000142,TM3 1.6L,PLANTA 3 TLAJOMULCO,FOTON MERIDA,MADRINA,TEROMO,1891,"$ 20,00","$ 37.820,00",10/5/2026
Entregado,VEHICULOS COMERCIALES PENINSULA,3LD42A1M8VA000143,TM3 1.6L,PLANTA 3 TLAJOMULCO,FOTON MERIDA,MADRINA,TEROMO,1891,"$ 20,00","$ 37.820,00",10/5/2026
Programado,XIAN MOTORS,3LD42A1MXVA000144,TM3 1.6L,PLANTA 3 TLAJOMULCO,ALMACEN GDL (XIAN),MADRINA,TEROMO,38,LOCAL CORTO,"$ 3.850,00",10/9/2026
Entregado,VEHICULOS COMERCIALES PENINSULA,3LD42A1M7VA000148,TM3 1.6L,PLANTA 3 TLAJOMULCO,FOTON CANCUN,MADRINA,TEROMO,2241,"$ 20,00","$ 44.820,00",10/5/2026
Entregado,VEHICULOS COMERCIALES PENINSULA,3LD42A1M2VA000154,TM3 1.6L,PLANTA 3 TLAJOMULCO,FOTON CANCUN,MADRINA,TEROMO,2241,"$ 20,00","$ 44.820,00",10/5/2026
Entregado,VEHICULOS COMERCIALES PENINSULA,3LD42A1M4VA000155,TM3 1.6L,PLANTA 3 TLAJOMULCO,FOTON MERIDA,MADRINA,TEROMO,1891,"$ 20,00","$ 37.820,00",10/5/2026
Programado,XIAN MOTORS,3LD42A1M3VA000163,TM3 1.6L,PLANTA 3 TLAJOMULCO,ALMACEN GDL (XIAN),MADRINA,TEROMO,38,LOCAL CORTO,"$ 3.850,00",10/9/2026
Entregado,BUILT 2 WORK MOTORS,3LD42A1M9VA000166,TM3 1.6L,PLANTA 3 TLAJOMULCO,FOTON TOLUCA,MADRINA,TEROMO,533,"$ 20,00","$ 10.660,00",10/5/2026
Entregado,BUILT 2 WORK MOTORS,3LD42A1M7VA000151,TM3 1.6L,PLANTA 3 TLAJOMULCO,FOTON TOLUCA,MADRINA,TEROMO,533,"$ 20,00","$ 10.660,00",10/5/2026
Programado,XIAN MOTORS,3LD42A1M4VA000169,TM3 1.6L,PLANTA 3 TLAJOMULCO,ALMACEN GDL (XIAN),MADRINA,TEROMO,38,LOCAL CORTO,"$ 3.850,00",10/9/2026
Programado,XIAN MOTORS,3LD42A1M2VA000171,TM3 1.6L,PLANTA 3 TLAJOMULCO,ALMACEN GDL (XIAN),MADRINA,TEROMO,38,LOCAL CORTO,"$ 3.850,00",10/9/2026
Programado,XIAN MOTORS,3LD42A1M6VA000173,TM3 1.6L,PLANTA 3 TLAJOMULCO,FOTON XIAN,MADRINA,TEROMO,32,LOCAL CORTO,"$ 3.850,00",10/9/2026
Transito,CAMIONES METROPOLITANOS DEL VALLE,3LD12B2J0VA000201,S3-E6 MT,PLANTA,FOTON TLALNEPANTLA,RODANDO,LIVETRANSFER,407,"$ 18,00","$ 7.326,00",10/7/2026
Programado,VELCEN MOTORS,3LD12B2J4VA000203,S3-E6 MT,PLANTA,CARROCERIA AGUIRRE,RODANDO,LIVETRANSFER,673,"$ 18,00","$ 12.114,00",10/8/2026
Programado,VELCEN MOTORS,3LD12B2J0VA000215,S3-E6 MT,PLANTA,FOTON MONTERREY,RODANDO,LIVETRANSFER,683,"$ 18,00","$ 12.294,00",10/8/2026
Programado,VELCEN MOTORS,3LD12B2J6VA000221,S3-E6 MT,PLANTA,FOTON MONTERREY,RODANDO,LIVETRANSFER,683,"$ 18,00","$ 12.294,00",10/8/2026
Programado,CAMIONES METROPOLITANOS DEL VALLE,3LD12B2JXVA000206,S3-E6 MT,PLANTA,FOTON TLALNEPANTLA,RODANDO,CAR FLEET,407,"$ 18,00","$ 7.326,00",10/8/2026
Programado,VEHICULOS COMERCIALES PENINSULA,3LD12B2J1VA000207,S3-E6 MT,,,RODANDO,,,,,10/9/2026
Entregado,VELCEN MOTORS,3LD12B2J5VA000209,S3-E6 MT,PLANTA,FOTON MONTERREY,RODANDO,CAR FLEET,683,"$ 18,00","$ 12.294,00",10/7/2026
Transito,VELCEN MOTORS,3LD12B2J1VA000210,S3-E6 MT,PLANTA,CARROCERIA AGUIRRE,RODANDO,LIVETRANSFER,673,"$ 18,00","$ 12.114,00",10/7/2026
Programado,CAMIONES METROPOLITANOS DEL VALLE,3LD12B2J3VA000225,S3-E6 MT,PLANTA,FOTON TLALNEPANTLA,RODANDO,CAR FLEET,407,"$ 18,00","$ 7.326,00",10/8/2026
Programado,CAMIONES METROPOLITANOS DEL VALLE,3LD12B2J7VA000213,S3-E6 MT,PLANTA,FOTON TLALNEPANTLA,RODANDO,CAR FLEET,407,"$ 18,00","$ 7.326,00",10/8/2026
Programado,CAMIONES METROPOLITANOS DEL VALLE,3LD12B2J6VA000218,S3-E6 MT,PLANTA,FOTON TLALNEPANTLA,RODANDO,TRASLADOS SACBE,407,"$ 18,00","$ 7.326,00",10/8/2026
Transito,VELCEN MOTORS,3LD12B2J2VA000216,S3-E6 MT,PLANTA,CARROCERIA AGUIRRE,RODANDO,LIVETRANSFER,673,"$ 18,00","$ 12.114,00",10/7/2026
Programado,BUILT 2 WORK MOTORS,3LD12B2J4VA000217,S3-E6 MT,PLANTA,FOTON TOLUCA,RODANDO,TRASLADOS SACBE,450,"$ 18,00","$ 8.100,00",10/8/2026
Programado,BUILT 2 WORK MOTORS,3LD12B2J6VA000204,S3-E6 MT,PLANTA,FOTON TOLUCA,RODANDO,TRASLADOS SACBE,450,"$ 18,00","$ 8.100,00",10/8/2026
Programado,BUILT 2 WORK MOTORS,3LD12B2J3VA000211,S3-E6 MT,PLANTA,FOTON TOLUCA,RODANDO,TRASLADOS SACBE,450,"$ 18,00","$ 8.100,00",10/8/2026
Programado,BUILT 2 WORK MOTORS,3LD12B2J1VA000224,S3-E6 MT,PLANTA,FOTON TOLUCA,RODANDO,LIVETRANSFER,450,"$ 18,00","$ 8.100,00",10/8/2026
Entregado,CAMIONES METROPOLITANOS DEL VALLE,3LD12B2J7VA000227,S3-E6 MT,PLANTA,FOTON TLALNEPANTLA,RODANDO,CAR FLEET,407,"$ 18,00","$ 7.326,00",10/7/2026
Entregado,ECO TRUCKS,3LD13B2J3VA000111,S6-E6 MT,PLANTA,FOTON CHINA POBLANA,RODANDO,CAR FLEET,545,"$ 18,00","$ 9.810,00",10/7/2026
Entregado,XIAN MOTORS,3LD13B2J6VA000118,S6-E6 MT,PLANTA,FOTON GONZALEZ GALLO,RODANDO,LIVETRANSFER,178,"$ 18,00","$ 3.204,00",10/7/2026
Entregado,XIAN MOTORS,3LD13B2J6VA000121,S6-E6 MT,PLANTA,FOTON GONZALEZ GALLO,RODANDO,LIVETRANSFER,178,"$ 18,00","$ 3.204,00",10/7/2026
Programado,CAMIONES PREMIUM DEL CENTRO,3LD13B2J8VA000122,S6-E6 MT,PLANTA,FOTON QUERETARO,RODANDO,LIVETRANSFER,249,"$ 18,00","$ 4.482,00",10/8/2026
Transito,AUTOS EMCG,3LD13B2J7VA000130,S6-E6 MT,PLANTA,FOTON PUEBLA (ASTURCAR),RODANDO,LIVETRANSFER,544,"$ 18,00","$ 9.792,00",10/7/2026
Programado,CAMIONES PREMIUM DEL CENTRO,3LD13B2J9VA000131,S6-E6 MT,PLANTA,Carrocerías y Remolques Israel,RODANDO,LIVETRANSFER,425,"$ 18,00","$ 7.650,00",10/8/2026
Programado,CAMIONES PREMIUM DEL CENTRO,3LD13B2J4VA000134,S6-E6 MT,PLANTA,FOTON QUERETARO,RODANDO,LIVETRANSFER,249,"$ 18,00","$ 4.482,00",10/8/2026
Programado,CAMIONES INNOVADORES DEL PACIFICO,3LD13B2J1VA000138,S6-E6 MT,PLANTA,FOTON TEPIC,RODANDO,LIVETRANSFER,375,"$ 18,00","$ 6.750,00",10/8/2026
Entregado,GRUPO CARROCERO MILENIO,3LD24B3J8VA000606,EST-S38 / AMT 6X4,PLANTA,FOTON TULA,RODANDO,LIVETRANSFER,439,"$ 25,00","$ 10.975,00",10/5/2026
Entregado,ARG BROKER,3LD34B4J5SA001341,EST-A 6X4,PLANTA,FOTON ALTAMIRA,RODANDO,LIVETRANSFER,610,"$ 25,00","$ 15.250,00",10/6/2026
Entregado,SIN FACTURA,LRDS6PFB1SR016818,GALAXUS,FOTON CANCUN,MOON PALACE ARENA,RODANDO,LIVETRANSFER,N/A,N/A,N/A,10/5/2026
Entregado,397 CAP,3LD34B4J8TA000265,EST-A 6X4 X13-E6,"MexAmerik Teoloyucan
Av. Lumbreras, Santa Cruz del Monte, 54786 Teoloyucan, Méx.
https://maps.app.goo.gl/keeRuYrVapcUMYN26 Víctor Carbajal. Tel.: 55 6318 7023",FOTON TOLUCA,RODANDO,CAR FLEET,88,"$ 25,00","$ 2.200,00",10/5/2026
Transito,ARG BROKER,3LDC1A2FXTA000463,Tunland G7 MT Gasolina,"Patio MotorNation Calle oriente s/n ,CP 52045, Salazar, Edo Méx",FOTON ALTAMIRA,PLATAFORMA,CLINICAR,515,"$ 45,00","$ 23.175,00",10/7/2026
Transito,CAMIONES ORIENTALES DE LEON,3LDC1A2F8TA000509,Tunland G7 MT Gasolina,Monterrey (AV VASCONCELOS 660 OTE. COL VALLE DEL CAMPESTRE CP 66265),FOTON LEON,PLATAFORMA,CLINICAR,713,"$ 45,00","$ 32.085,00",10/7/2026
Transito,CAMIONES ORIENTALES DE LEON,3LDC1A2F5TA000502,Tunland G7 MT Gasolina,"Tijuana (Av. Padre Kino No.10102 interior 1-2-3 , colonia Zona Urbana Rio Tijuana, Cp 22010.)",FOTON LEON,PLATAFORMA,CLINICAR,2510,"$ 45,00","$ 112.950,00",10/5/2026
Entregado,LEASING DRIVE RENTAL,3LD34B4J2SA001717,Galaxy 3256,PLANTA,Transportes Forja (TAV),RODANDO,CAR FLEET,778,"$ 25,00","$ 19.450,00",10/5/2026
Entregado,397 CAP,3LD34B4J6TA000331,EST-A 6X4 X13-E6,FOTON ALTAMIRA,FERTILIZANTES TEPEYAC,RODANDO,CAR FLEET,657,"$ 25,00","$ 16.425,00",10/5/2026
Entregado,XIAN MOTORS,LVAV2MAB1SU306232,Tunland V7 (MHEV),FOTON XIAN,FOTON LEÓN,PLATAFORMA,LIVETRANSFER,250,"$ 45,00","$ 11.250,00",10/5/2026
Transito,XIAN MOTORS,3LD12B2J5TA001504,S3-E6 MT,ALMACEN GDL,FOTON CUERNAVACA,RODANDO,LIVETRANSFER,506,"$ 18,00","$ 9.108,00",10/7/2026
Entregado,XIAN MOTORS,3LD12B2J5TA001566,S3-E6 MT,ALMACEN GDL,FOTON TLAXCALA,RODANDO,CAR FLEET,645,"$ 18,00","$ 11.610,00",10/7/2026
Transito,XIAN MOTORS,3LD12B2J8TA001495,S3-E6 MT,PLANTA,FOTON CHINA POBLANA,RODANDO,LIVETRANSFER,545,"$ 18,00","$ 9.810,00",10/7/2026
Entregado,XIAN MOTORS,3LDC2B2F2TA000962,Tunland V9 (MHEV),ALMACEN GDL,CD. DE MEXICO,RODANDO,LIVETRANSFER,533,"$ 18,00","$ 9.594,00",10/5/2026
Entregado,GENERADOR,N/A,REMOLQUE,IMMMEX,GUADALAJARA,PLATAFORMA,LIVETRANSFER,15,LOCAL CORTO,"$ 4.320,00",10/6/2026
Transito,SIN FACTURA,LRDS6PFB1SR016818,GALAXUS,MOON PALACE ARENA,FOTON MONTERREY,RODANDO,LIVETRANSFER,2529,"$ 25,00","$ 63.225,00",10/7/2026
Transito,SIN FACTURA,LRDS6PFB1SR016821,GALAXUS,MOON PALACE ARENA,FOTON MONTERREY,RODANDO,LIVETRANSFER,2529,"$ 25,00","$ 63.225,00",10/7/2026
Programado,SIN FACTURA,3LD34B4J7SA001289,EST-A 6X4,ALMACEN GDL,Pendiente,,,,,,10/9/2026
Programado,AUTOS EMCG,3LD34B4J8SA001317,EST-A 6X4,ALMACEN GDL,Pendiente,,,,,,10/9/2026
Entregado,XIAN MOTORS,LVCB3SCD7RM001175,AUV BJ6931-GNC,https://maps.app.goo.gl/HdP335E6QpvKrcKs6,ALMACEN GDL,RODANDO,LIVETRANSFER,14,LOCAL CORTO,"$ 1.440,00",10/6/2026
Transito,CAMIONES Y TRACTOCAMIONES DE SONORA,3LD34B4J8TA000346,EST-A 6X4 X13-E6,PLANTA,FOTON HERMOSILLO,RODANDO,CAR FLEET,1540,"$ 25,00","$ 38.500,00",10/7/2026
Programado,CAMIONES Y TRACTOCAMIONES DE SONORA,3LD34B4J0TA000244,EST-A 6X4 X13-E6,PLANTA,FOTON HERMOSILLO,RODANDO,LIVETRANSFER,1540,"$ 25,00","$ 38.500,00",10/8/2026
Programado,CAMIONES Y TRACTOCAMIONES DE SONORA,3LD34B4JXTA000249,EST-A 6X4 X13-E6,PLANTA,FOTON HERMOSILLO,RODANDO,LIVETRANSFER,1540,"$ 25,00","$ 38.500,00",10/8/2026
Transito,CAMIONES Y TRACTOCAMIONES DE SONORA,3LD34B4J3TA000254,EST-A 6X4 X13-E6,PLANTA,FOTON HERMOSILLO,RODANDO,CAR FLEET,1540,"$ 25,00","$ 38.500,00",10/7/2026
Programado,CAMIONES Y TRACTOCAMIONES DE SONORA,3LD34B4J7TA000290,EST-A 6X4 X13-E6,PLANTA,FOTON HERMOSILLO,RODANDO,CAR FLEET,1540,"$ 25,00","$ 38.500,00",10/8/2026
